mjd,mag,magerr,filter
60488.0727787524,20.602340698242188,0.17987848818302155,q
60488.07372012473,18.946796417236328,0.1644534170627594,u
60506.9969514598,17.93633460998535,0.05286489054560661,q
