mjd,mag,magerr,filter
60151.011378404844,18.72865104675293,0.12502402067184448,q
