mjd,mag,magerr,filter
60513.2511676969,16.645750045776367,0.09878269582986832,i
60513.25305108524,16.28984260559082,0.09081617742776871,u
