mjd,mag,magerr,filter
60490.03109399304,20.610462188720703,0.14367727935314178,q
60517.018792812814,20.759258270263672,0.15650032460689545,q
