name,ra,dec,BlackGEM ID,type,public
BGEM J153844.15+121411.5,234.68398240016285,12.23653185029626,32729040,SIDEREAL,Public
