name,ra,dec,BlackGEM ID,type,public
BGEM J161807.86-484504.6,244.5327830090074,-48.75129685372708,31655261,SIDEREAL,Public
