name,ra,dec,BlackGEM ID,type,public
BGEM J232240.40-422042.7,350.66836844293675,-42.34519485516808,31526757,SIDEREAL,Public
