name,ra,dec,BlackGEM ID,type,public
SN 2024ggi,169.5920999097201,-32.83753885617823,25030590,SIDEREAL,Public
