name,ra,dec,BlackGEM ID,type,public
SN 1991bg,186.2659053989218,12.870222762551792,30691098,SIDEREAL,Public
