name,ra,dec,BlackGEM ID,type,public
BGEM J125740.97+270535.0,194.42070852424771,27.093082357092825,29657747,SIDEREAL,Public
