name,ra,dec,BlackGEM ID,type,public
BGEM J045446.84-181214.0,73.69518912800072,-18.203891208244954,1516282,SIDEREAL,Public
