name,ra,dec,BlackGEM ID,type,public
BGEM J122505.39+125243.5,186.27247468624606,12.878776894597237,31747681,SIDEREAL,Public
