name,ra,dec,BlackGEM ID,type,public
BGEM J200616.67-004142.4,301.56945884257556,-0.6951165910993764,31744960,SIDEREAL,Public
