name,ra,dec,BlackGEM ID,type,public
BGEM J031904.38-663030.7,49.76829106852329,-66.5085286298853,30992154,SIDEREAL,Public
