name,ra,dec,BlackGEM ID,type,public
BGEM J174648.31-325419.1,266.70133225791545,-32.905310768263035,33024453,SIDEREAL,Public
