name,ra,dec,BlackGEM ID,type,public
BGEM J230103.61+124042.5,345.2650686401648,12.67847718048977,31244459,SIDEREAL,Public
