name,ra,dec,BlackGEM ID,type,public
BGEM J143343.27+025230.3,218.4303252145631,2.875105047911141,29310984,SIDEREAL,Public
