time,filter,magnitude,magnitude_error,limit,source,telescope
55959.06999999983,r,15.582,0.005,,ZTF,ZTF
55959.06999999983,V,15.676,0.007,,CSS,Dunno
55959.06999999983,B,15.591,0.008,,Las Cumbres,One of them
55959.06999999983,B,16.01,,18.0,DLT40,DLEET