mjd,mag,magerr,filter
60492.24993811872,19.7497501373291,0.1123814731836319,q
60508.10664372269,18.737878799438477,0.09785842150449753,q
60510.13073586601,19.29020118713379,0.16094791889190674,q
