mjd,mag,magerr,filter
60561.163453940826,19.770366668701172,0.08762545883655548,q
60562.16071446556,19.526287078857422,0.1397755742073059,q
