mjd,mag,magerr,filter
60515.96098933462,17.366281509399414,0.04367925971746445,q
60515.961926911616,17.864160537719727,0.13445556163787842,u
