time,magnitude
55959.06999999983,15.582
55959.06999999983,15.676
55959.06999999983,15.591
55959.06999999983,