index,JD,Magnitude,error,filter,limit,
235,2460294.5804861,20.1176147,0.118,r,
236,2460294.5809375,19.9980679,0.109,V,
