TIME,filter,flux,error,limit,source,extra
55959.06999999983,r,15.582,0.005,,ZTF,0
55959.06999999983,V,15.676,0.007,,CSS,1
55959.06999999983,B,15.591,0.008,,Las Cumbres,2
55959.06999999983,B,,,18.0,DLT40,3