mjd,mag,magerr,filter
60521.06107218334,19.773101806640625,0.11169084906578064,q
60548.98672911395,19.68716049194336,0.11319907754659653,q
